{
  "version": "0.1.1",
  "engine_id": "LIQUIDITY_STATUS",
  "asof_date": "2026-01-21",
  "run_date": "2026-01-23",
  "target_week_id": "2026-W04",
  "inputs": {
    "WALCL_musd": 6584580.0,
    "WTREGEN_musd": 869261.0,
    "RRPONTSYD_busd": 3.344,
    "RRP_musd": 3344.0
  },
  "metrics": {
    "net_liquidity_musd": 5711975.0,
    "net_liquidity_13w_ago_musd": null,
    "trend_13w": null
  },
  "calendar": {
    "is_tax_window": false,
    "tax_window_name": null
  },
  "data": {
    "stale": {
      "WALCL": false,
      "WTREGEN": false,
      "RRPONTSYD": false
    },
    "stale_weeks": {
      "WALCL": 0,
      "WTREGEN": 0,
      "RRPONTSYD": 0
    }
  },
  "state": {
    "previous_state": "LIQUIDITY_NEUTRAL",
    "pending_state": null,
    "state": "LIQUIDITY_NEUTRAL",
    "state_changed": false,
    "consecutive_weeks": 2
  },
  "runtime_mode": "NORMAL",
  "valid": true,
  "reason_code": null,
  "fred_key_present": true
}