{
  "version": "0.1.1",
  "engine_id": "LIQUIDITY_STATUS",
  "asof_date": "2026-01-14",
  "run_date": "2026-01-16",
  "target_week_id": "2026-W03",
  "inputs": {
    "WALCL_musd": 6581700.0,
    "WTREGEN_musd": 779175.0,
    "RRPONTSYD_busd": 3.223,
    "RRP_musd": 3223.0
  },
  "metrics": {
    "net_liquidity_musd": 5799302.0,
    "net_liquidity_13w_ago_musd": null,
    "trend_13w": null
  },
  "calendar": {
    "is_tax_window": false,
    "tax_window_name": null
  },
  "data": {
    "stale": {
      "WALCL": false,
      "WTREGEN": false,
      "RRPONTSYD": false
    },
    "stale_weeks": {
      "WALCL": 0,
      "WTREGEN": 0,
      "RRPONTSYD": 0
    }
  },
  "state": {
    "previous_state": "LIQUIDITY_NEUTRAL",
    "pending_state": null,
    "state": "LIQUIDITY_NEUTRAL",
    "state_changed": false,
    "consecutive_weeks": 1
  },
  "runtime_mode": "NORMAL",
  "valid": true,
  "reason_code": null,
  "fred_key_present": true
}